{
  "id": "",
  "name": "",
  "font_family": "iconfont",
  "css_prefix_text": "icon-",
  "description": "",
  "glyphs": [
    {
      "icon_id": "629357",
      "name": "搜索",
      "font_class": "sousuo",
      "unicode": "e651",
      "unicode_decimal": 58961
    },
    {
      "icon_id": "654306",
      "name": "飞机",
      "font_class": "feiji",
      "unicode": "e631",
      "unicode_decimal": 58929
    },
    {
      "icon_id": "666879",
      "name": "轮船",
      "font_class": "lunchuan",
      "unicode": "e68b",
      "unicode_decimal": 59019
    },
    {
      "icon_id": "2076267",
      "name": "签证2",
      "font_class": "qianzheng",
      "unicode": "e891",
      "unicode_decimal": 59537
    },
    {
      "icon_id": "2076293",
      "name": " 酒店",
      "font_class": "jiudian",
      "unicode": "e89b",
      "unicode_decimal": 59547
    },
    {
      "icon_id": "2076312",
      "name": " 我的",
      "font_class": "wode",
      "unicode": "e8a0",
      "unicode_decimal": 59552
    },
    {
      "icon_id": "2675009",
      "name": "首页",
      "font_class": "shouye",
      "unicode": "e62e",
      "unicode_decimal": 58926
    },
    {
      "icon_id": "2675010",
      "name": "分类",
      "font_class": "fenlei",
      "unicode": "e62f",
      "unicode_decimal": 58927
    },
    {
      "icon_id": "3456452",
      "name": "购物车",
      "font_class": "gouwuche",
      "unicode": "e70b",
      "unicode_decimal": 59147
    },
    {
      "icon_id": "5961393",
      "name": "汽车",
      "font_class": "qiche",
      "unicode": "ec6d",
      "unicode_decimal": 60525
    },
    {
      "icon_id": "9526747",
      "name": "展开",
      "font_class": "zhankai",
      "unicode": "e605",
      "unicode_decimal": 58885
    },
    {
      "icon_id": "15768531",
      "name": "热气球",
      "font_class": "reqiqiu",
      "unicode": "e748",
      "unicode_decimal": 59208
    },
    {
      "icon_id": "20403090",
      "name": "目的地",
      "font_class": "mudedi",
      "unicode": "e627",
      "unicode_decimal": 58919
    },
    {
      "icon_id": "20531508",
      "name": "行李",
      "font_class": "05kejichuangxin-hangli",
      "unicode": "e626",
      "unicode_decimal": 58918
    }
  ]
}
